Tyler Stevens:Tyler.B.Stevens@nasa.gov:1:1
Tyler Stevens:Tyler.B.Stevens@nasa.gov:0:0
::1:1
::0:0
Christopher Beltz:cbeltz@uwyo.edu:1:1
Christopher Beltz:cbeltz@uwyo.edu:0:0
Tyler Stevens:Tyler.B.Stevens@nasa.gov:1:1
Peter Fox:pfox@cs.rpi.edu:1:1
Tyler Stevens:Tyler.B.Stevens@nasa.gov:0:0
Tyler Stevens:Tyler.B.Stevens@nasa.gov:1:1
::0:1
John Relph:John.Relph@noaa.gov:1:1
Kevin Browne:infomgr@ucnrs.org:1:1
Fei Hu:fhu@gmu.edu:1:1
Alison Adams:alison.adams@uvm.edu:1:1
Bill Teng:dragonabs1@gmail.com:1:1
Bill Teng:dragonabs1@gmail.com:0:0
Christopher Beltz:cbeltz@uwyo.edu:1:1
::0:0
::1:1
Tamara Ledley:Tamara_Ledley@terc.edu:1:1
Nancy Ritchey:nancy.ritchey@noaa.gov:1:1
John Evans:john.evans@gst.com:1:1
Chung-Yi Hou:hou@illinois.edu:1:1
Ted Habermann:thabermann@hdfgroup.org:1:1
John Kusterer:john.m.kusterer@nasa.gov:1:1
Ken Casey:Kenneth.Casey@noaa.gov:1:1
Tom Narock:tnarock@marymount.edu:1:1
Dan Keyes:dankeyes@esipfed.org:1:1
Sam Silva:samsilva@mit.edu:1:1
Shelley Olds:olds@unavco.org:1:1
Brian Wee:bwee@neoninc.org:1:1
Mark Parsons:Parsom3@rpi.edu:1:1
Erin Robinson:erinrobinson@esipfed.org:1:1
Dave Fulker:dfulker@opendap.org:1:1
Don Middleton:don@ucar.edu:1:1
Byron Peters:byron.v.peters@nasa.gov:1:1
Rebecca Fowler:rebeccafowler@esipfed.org:1:1
Jennifer Bosch:Jennifer.bosch@noaa.gov:1:1
Denise Hills:dhills@gsa.state.al.us:1:1
Annie Burgess:annieburgess@esipfed.org:1:1
Fred Katz:fred.katz@noaa.gov:1:1
Shannon Rauch:srauch@whoi.edu:1:1
Ajay Krishnan Subramaniam:ajay.krishnan@noaa.gov:1:1
Douglas Fils:dfils@oceanleadership.org:1:1
Chris Torbert:Ctorbert@usgs.gov:1:1
Denise Hills:dhills@gsa.state.al.us:0:0
Rafael Ameller:rafael@stormcenter.com:1:1
Sean Griffin:George.E.Vanhentenryck@nga.mil:0:1
Jennifer Bosch:Jennifer.bosch@noaa.gov:0:0
Jennifer Bosch:Jennifer.bosch@noaa.gov:1:1
Jennifer Bosch:jennifer.bosch@noaa.gov:1:1
Derrick Snowden:derrick.snowden@noaa.gov:1:1
Steve Young:frazmo@gmail.com:1:1
Lewis McCulloch:lewis.mcculloch@noaa.gov:1:1
Jennifer Wei:jennifer.c.wei@nasa.gov:1:1
Patrick Purcell:patrick.purcell@nasa.gov:1:1
Robert Ferraro :robert.ferraro@jpl.nasa.gov:1:1
Rebecca Koskela:rkoskela@unm.edu:1:1
Tom Ryan:Thomas.Ryan@noaa.gov:1:1
Roshani Dangi:roshani.dangi@nasa.gov:1:1
Deann Miller:deann.miller@nsidc.org:1:1
Richard Eckman:Richard.s.eckman@nasa.gov:1:1
Stephen Richard:steve.richard@azgs.az.gov:1:1
Pamela Mlynczak:pamela.e.mlynczak@nasa.gov:1:1
Jeffrey Campbell:jeffrey.campbell@ars.usda.gov:1:1
Kevin O'Brien:kevin.m.o'brien@noaa.gov:0:1
Kevin O'Brien:kevin.m.o'brien@noaa.gov:1:1
Cyndy Chandler:cchandler@whoi.edu:1:1
Barbara DeShong:deshongb1@netscape.net:1:1
Hampapuram Ramapriyan:Hampapuram.Ramapriyan@ssaihq.com:1:1
Helen Conover:hconover@itsc.uah.edu:1:1
Jonathan Blythe:jonathan.blythe@boem.gov:0:1
John Evans:john.evans@gst.com:0:0
Audrey Mickle:amickle@whoi.edu:1:1
Bill Teng:dragonabs1@gmail.com:1:1
John Kusterer:John.m.kusterer@nasa.gov:1:1
Jeff Arnfield:jeff.arnfield@noaa.gov:1:1
Denise Hills:dhills@gsa.state.al.us:1:1
Deann Miller:deann.miller@nsidc.org:0:0
Deann Miller:deann.miller@nsidc.org:1:1
Ruth Duerr:ruth.duerr@ronininstitute.org:1:1
Renea Ericson:ericson@kryos.colorado.edu:0:1
Beth Stetzler:beth.stetzler@nasa.gov:0:1
Janine Aquino:janine@ucar.edu:1:1
Cynthia Parr:Cynthia.Parr@ars.usda.gov:1:1
Dave Fulker:dfulker@opendap.org:0:0
Dave Fulker:dfulker@opendap.org:1:1
Anna Milan:anna.milan@noaa.gov:1:1
Bruce Caron:bruce@tnms.org:1:1
Jenny Fox:jenny.fox@noaa.gov:1:1
Bhaskar Ramachandran:bhaskar.ramachandran@nasa.gov:1:1
Rafael Ameller:rafael@stormcenter.com:0:0
David Kendig:dkendig@gst.com:1:1
Rich Signell:rsignell@gmail.com:1:1
Rich Signell:rsignell@usgs.gov:1:1
Rich Signell:rsignell@usgs.gov:0:0
Bhaskar Ramachandran:bhaskar.ramachandran@nasa.gov:0:0
Bhaskar Ramachandran:br_gsfc@nasa.gov:1:1
Don Middleton:don@ucar.edu:0:0
Don Middleton:don@ucar.edu:1:1
Don Middleton:don@ucar.edu:0:0
Bhaskar Ramachandran:bhaskar.ramachandran@nasa.gov:1:1
Amy FitzGerrell:amy.fitzgerrell@nsidc.org:1:1
Cyndy Chandler:cchandler@whoi.edu:0:0
Cyndy Chandler:cchandler@whoi.edu:1:1
Steve Young:frazmo@gmail.com:0:0
Steve Young:frazmo@gmail.com:1:1
Steve Young:frazmo@gmail.com:0:0
